campaign,step,battery,condition,task,episodes,legal
randomized-scale-01,0,narrow,A,rally-air-feed,112,66
randomized-scale-01,0,narrow,A,rally-bounce-feed,112,69
randomized-scale-01,0,narrow,A,receive-feed,16,13
randomized-scale-01,0,narrow,A,stationary-serve,16,16
randomized-scale-01,0,narrow,B,rally-air-feed,112,69
randomized-scale-01,0,narrow,B,rally-bounce-feed,112,69
randomized-scale-01,0,narrow,B,receive-feed,16,13
randomized-scale-01,0,narrow,B,stationary-serve,16,16
randomized-scale-01,0,narrow,random,rally-air-feed,112,65
randomized-scale-01,0,narrow,random,rally-bounce-feed,112,69
randomized-scale-01,0,narrow,random,receive-feed,16,13
randomized-scale-01,0,narrow,random,stationary-serve,16,16
randomized-scale-01,999989,narrow,A,rally-air-feed,112,104
randomized-scale-01,999989,narrow,A,rally-bounce-feed,112,106
randomized-scale-01,999989,narrow,A,receive-feed,16,14
randomized-scale-01,999989,narrow,A,stationary-serve,16,16
randomized-scale-01,999989,narrow,B,rally-air-feed,112,103
randomized-scale-01,999989,narrow,B,rally-bounce-feed,112,104
randomized-scale-01,999989,narrow,B,receive-feed,16,14
randomized-scale-01,999989,narrow,B,stationary-serve,16,16
randomized-scale-01,999989,narrow,random,rally-air-feed,112,104
randomized-scale-01,999989,narrow,random,rally-bounce-feed,112,106
randomized-scale-01,999989,narrow,random,receive-feed,16,14
randomized-scale-01,999989,narrow,random,stationary-serve,16,16
randomized-scale-01,1999993,narrow,A,rally-air-feed,112,97
randomized-scale-01,1999993,narrow,A,rally-bounce-feed,112,104
randomized-scale-01,1999993,narrow,A,receive-feed,16,13
randomized-scale-01,1999993,narrow,A,stationary-serve,16,16
randomized-scale-01,1999993,narrow,B,rally-air-feed,112,103
randomized-scale-01,1999993,narrow,B,rally-bounce-feed,112,104
randomized-scale-01,1999993,narrow,B,receive-feed,16,14
randomized-scale-01,1999993,narrow,B,stationary-serve,16,16
randomized-scale-01,1999993,narrow,random,rally-air-feed,112,99
randomized-scale-01,1999993,narrow,random,rally-bounce-feed,112,104
randomized-scale-01,1999993,narrow,random,receive-feed,16,13
randomized-scale-01,1999993,narrow,random,stationary-serve,16,16
randomized-scale-01,2999986,narrow,A,rally-air-feed,112,106
randomized-scale-01,2999986,narrow,A,rally-bounce-feed,112,104
randomized-scale-01,2999986,narrow,A,receive-feed,16,14
randomized-scale-01,2999986,narrow,A,stationary-serve,16,8
randomized-scale-01,2999986,narrow,B,rally-air-feed,112,100
randomized-scale-01,2999986,narrow,B,rally-bounce-feed,112,104
randomized-scale-01,2999986,narrow,B,receive-feed,16,14
randomized-scale-01,2999986,narrow,B,stationary-serve,16,8
randomized-scale-01,2999986,narrow,random,rally-air-feed,112,106
randomized-scale-01,2999986,narrow,random,rally-bounce-feed,112,104
randomized-scale-01,2999986,narrow,random,receive-feed,16,14
randomized-scale-01,2999986,narrow,random,stationary-serve,16,9
randomized-scale-01,3999977,narrow,A,rally-air-feed,112,102
randomized-scale-01,3999977,narrow,A,rally-bounce-feed,112,104
randomized-scale-01,3999977,narrow,A,receive-feed,16,14
randomized-scale-01,3999977,narrow,A,stationary-serve,16,16
randomized-scale-01,3999977,narrow,B,rally-air-feed,112,102
randomized-scale-01,3999977,narrow,B,rally-bounce-feed,112,105
randomized-scale-01,3999977,narrow,B,receive-feed,16,14
randomized-scale-01,3999977,narrow,B,stationary-serve,16,16
randomized-scale-01,3999977,narrow,random,rally-air-feed,112,101
randomized-scale-01,3999977,narrow,random,rally-bounce-feed,112,103
randomized-scale-01,3999977,narrow,random,receive-feed,16,14
randomized-scale-01,3999977,narrow,random,stationary-serve,16,16
randomized-scale-01,4999993,narrow,A,rally-air-feed,112,101
randomized-scale-01,4999993,narrow,A,rally-bounce-feed,112,103
randomized-scale-01,4999993,narrow,A,receive-feed,16,14
randomized-scale-01,4999993,narrow,A,stationary-serve,16,16
randomized-scale-01,4999993,narrow,B,rally-air-feed,112,101
randomized-scale-01,4999993,narrow,B,rally-bounce-feed,112,102
randomized-scale-01,4999993,narrow,B,receive-feed,16,15
randomized-scale-01,4999993,narrow,B,stationary-serve,16,16
randomized-scale-01,4999993,narrow,random,rally-air-feed,112,103
randomized-scale-01,4999993,narrow,random,rally-bounce-feed,112,102
randomized-scale-01,4999993,narrow,random,receive-feed,16,15
randomized-scale-01,4999993,narrow,random,stationary-serve,16,16
randomized-scale-01,5999975,narrow,A,rally-air-feed,112,102
randomized-scale-01,5999975,narrow,A,rally-bounce-feed,112,107
randomized-scale-01,5999975,narrow,A,receive-feed,16,14
randomized-scale-01,5999975,narrow,A,stationary-serve,16,16
randomized-scale-01,5999975,narrow,B,rally-air-feed,112,100
randomized-scale-01,5999975,narrow,B,rally-bounce-feed,112,108
randomized-scale-01,5999975,narrow,B,receive-feed,16,14
randomized-scale-01,5999975,narrow,B,stationary-serve,16,16
randomized-scale-01,5999975,narrow,random,rally-air-feed,112,103
randomized-scale-01,5999975,narrow,random,rally-bounce-feed,112,108
randomized-scale-01,5999975,narrow,random,receive-feed,16,14
randomized-scale-01,5999975,narrow,random,stationary-serve,16,16
randomized-scale-01,6999960,narrow,A,rally-air-feed,112,102
randomized-scale-01,6999960,narrow,A,rally-bounce-feed,112,109
randomized-scale-01,6999960,narrow,A,receive-feed,16,16
randomized-scale-01,6999960,narrow,A,stationary-serve,16,16
randomized-scale-01,6999960,narrow,B,rally-air-feed,112,103
randomized-scale-01,6999960,narrow,B,rally-bounce-feed,112,109
randomized-scale-01,6999960,narrow,B,receive-feed,16,16
randomized-scale-01,6999960,narrow,B,stationary-serve,16,16
randomized-scale-01,6999960,narrow,random,rally-air-feed,112,101
randomized-scale-01,6999960,narrow,random,rally-bounce-feed,112,109
randomized-scale-01,6999960,narrow,random,receive-feed,16,16
randomized-scale-01,6999960,narrow,random,stationary-serve,16,16
randomized-scale-01,7999988,narrow,A,rally-air-feed,112,105
randomized-scale-01,7999988,narrow,A,rally-bounce-feed,112,109
randomized-scale-01,7999988,narrow,A,receive-feed,16,16
randomized-scale-01,7999988,narrow,A,stationary-serve,16,8
randomized-scale-01,7999988,narrow,B,rally-air-feed,112,106
randomized-scale-01,7999988,narrow,B,rally-bounce-feed,112,108
randomized-scale-01,7999988,narrow,B,receive-feed,16,16
randomized-scale-01,7999988,narrow,B,stationary-serve,16,8
randomized-scale-01,7999988,narrow,random,rally-air-feed,112,105
randomized-scale-01,7999988,narrow,random,rally-bounce-feed,112,109
randomized-scale-01,7999988,narrow,random,receive-feed,16,16
randomized-scale-01,7999988,narrow,random,stationary-serve,16,8
randomized-scale-01,0,randomized,A,rally-air-feed,224,61
randomized-scale-01,0,randomized,A,rally-bounce-feed,224,82
randomized-scale-01,0,randomized,A,receive-feed,32,22
randomized-scale-01,0,randomized,A,stationary-serve,32,32
randomized-scale-01,0,randomized,B,rally-air-feed,224,63
randomized-scale-01,0,randomized,B,rally-bounce-feed,224,83
randomized-scale-01,0,randomized,B,receive-feed,32,22
randomized-scale-01,0,randomized,B,stationary-serve,32,32
randomized-scale-01,999989,randomized,A,rally-air-feed,224,79
randomized-scale-01,999989,randomized,A,rally-bounce-feed,224,105
randomized-scale-01,999989,randomized,A,receive-feed,32,22
randomized-scale-01,999989,randomized,A,stationary-serve,32,32
randomized-scale-01,999989,randomized,B,rally-air-feed,224,81
randomized-scale-01,999989,randomized,B,rally-bounce-feed,224,105
randomized-scale-01,999989,randomized,B,receive-feed,32,22
randomized-scale-01,999989,randomized,B,stationary-serve,32,32
randomized-scale-01,1999993,randomized,A,rally-air-feed,224,73
randomized-scale-01,1999993,randomized,A,rally-bounce-feed,224,109
randomized-scale-01,1999993,randomized,A,receive-feed,32,25
randomized-scale-01,1999993,randomized,A,stationary-serve,32,32
randomized-scale-01,1999993,randomized,B,rally-air-feed,224,76
randomized-scale-01,1999993,randomized,B,rally-bounce-feed,224,103
randomized-scale-01,1999993,randomized,B,receive-feed,32,24
randomized-scale-01,1999993,randomized,B,stationary-serve,32,32
randomized-scale-01,2999986,randomized,A,rally-air-feed,224,85
randomized-scale-01,2999986,randomized,A,rally-bounce-feed,224,106
randomized-scale-01,2999986,randomized,A,receive-feed,32,24
randomized-scale-01,2999986,randomized,A,stationary-serve,32,16
randomized-scale-01,2999986,randomized,B,rally-air-feed,224,83
randomized-scale-01,2999986,randomized,B,rally-bounce-feed,224,101
randomized-scale-01,2999986,randomized,B,receive-feed,32,22
randomized-scale-01,2999986,randomized,B,stationary-serve,32,16
randomized-scale-01,3999977,randomized,A,rally-air-feed,224,81
randomized-scale-01,3999977,randomized,A,rally-bounce-feed,224,103
randomized-scale-01,3999977,randomized,A,receive-feed,32,23
randomized-scale-01,3999977,randomized,A,stationary-serve,32,32
randomized-scale-01,3999977,randomized,B,rally-air-feed,224,82
randomized-scale-01,3999977,randomized,B,rally-bounce-feed,224,104
randomized-scale-01,3999977,randomized,B,receive-feed,32,22
randomized-scale-01,3999977,randomized,B,stationary-serve,32,32
randomized-scale-01,4999993,randomized,A,rally-air-feed,224,84
randomized-scale-01,4999993,randomized,A,rally-bounce-feed,224,116
randomized-scale-01,4999993,randomized,A,receive-feed,32,25
randomized-scale-01,4999993,randomized,A,stationary-serve,32,32
randomized-scale-01,4999993,randomized,B,rally-air-feed,224,84
randomized-scale-01,4999993,randomized,B,rally-bounce-feed,224,113
randomized-scale-01,4999993,randomized,B,receive-feed,32,26
randomized-scale-01,4999993,randomized,B,stationary-serve,32,32
randomized-scale-01,5999975,randomized,A,rally-air-feed,224,92
randomized-scale-01,5999975,randomized,A,rally-bounce-feed,224,123
randomized-scale-01,5999975,randomized,A,receive-feed,32,21
randomized-scale-01,5999975,randomized,A,stationary-serve,32,32
randomized-scale-01,5999975,randomized,B,rally-air-feed,224,92
randomized-scale-01,5999975,randomized,B,rally-bounce-feed,224,119
randomized-scale-01,5999975,randomized,B,receive-feed,32,21
randomized-scale-01,5999975,randomized,B,stationary-serve,32,32
randomized-scale-01,6999960,randomized,A,rally-air-feed,224,88
randomized-scale-01,6999960,randomized,A,rally-bounce-feed,224,132
randomized-scale-01,6999960,randomized,A,receive-feed,32,21
randomized-scale-01,6999960,randomized,A,stationary-serve,32,32
randomized-scale-01,6999960,randomized,B,rally-air-feed,224,92
randomized-scale-01,6999960,randomized,B,rally-bounce-feed,224,127
randomized-scale-01,6999960,randomized,B,receive-feed,32,23
randomized-scale-01,6999960,randomized,B,stationary-serve,32,32
randomized-scale-01,7999988,randomized,A,rally-air-feed,224,93
randomized-scale-01,7999988,randomized,A,rally-bounce-feed,224,136
randomized-scale-01,7999988,randomized,A,receive-feed,32,26
randomized-scale-01,7999988,randomized,A,stationary-serve,32,16
randomized-scale-01,7999988,randomized,B,rally-air-feed,224,93
randomized-scale-01,7999988,randomized,B,rally-bounce-feed,224,135
randomized-scale-01,7999988,randomized,B,receive-feed,32,27
randomized-scale-01,7999988,randomized,B,stationary-serve,32,16
randomized-scale-01,0,wide,A,rally-air-feed,192,72
randomized-scale-01,0,wide,A,rally-bounce-feed,192,90
randomized-scale-01,0,wide,A,receive-feed,64,61
randomized-scale-01,0,wide,A,stationary-serve,64,64
randomized-scale-01,0,wide,B,rally-air-feed,192,72
randomized-scale-01,0,wide,B,rally-bounce-feed,192,101
randomized-scale-01,0,wide,B,receive-feed,64,62
randomized-scale-01,0,wide,B,stationary-serve,64,64
randomized-scale-01,999989,wide,A,rally-air-feed,192,72
randomized-scale-01,999989,wide,A,rally-bounce-feed,192,93
randomized-scale-01,999989,wide,A,receive-feed,64,51
randomized-scale-01,999989,wide,A,stationary-serve,64,64
randomized-scale-01,999989,wide,B,rally-air-feed,192,72
randomized-scale-01,999989,wide,B,rally-bounce-feed,192,98
randomized-scale-01,999989,wide,B,receive-feed,64,55
randomized-scale-01,999989,wide,B,stationary-serve,64,64
randomized-scale-01,1999993,wide,A,rally-air-feed,192,73
randomized-scale-01,1999993,wide,A,rally-bounce-feed,192,84
randomized-scale-01,1999993,wide,A,receive-feed,64,55
randomized-scale-01,1999993,wide,A,stationary-serve,64,64
randomized-scale-01,1999993,wide,B,rally-air-feed,192,72
randomized-scale-01,1999993,wide,B,rally-bounce-feed,192,84
randomized-scale-01,1999993,wide,B,receive-feed,64,56
randomized-scale-01,1999993,wide,B,stationary-serve,64,64
randomized-scale-01,2999986,wide,A,rally-air-feed,192,71
randomized-scale-01,2999986,wide,A,rally-bounce-feed,192,92
randomized-scale-01,2999986,wide,A,receive-feed,64,54
randomized-scale-01,2999986,wide,A,stationary-serve,64,32
randomized-scale-01,2999986,wide,B,rally-air-feed,192,69
randomized-scale-01,2999986,wide,B,rally-bounce-feed,192,88
randomized-scale-01,2999986,wide,B,receive-feed,64,57
randomized-scale-01,2999986,wide,B,stationary-serve,64,32
randomized-scale-01,3999977,wide,A,rally-air-feed,192,67
randomized-scale-01,3999977,wide,A,rally-bounce-feed,192,85
randomized-scale-01,3999977,wide,A,receive-feed,64,57
randomized-scale-01,3999977,wide,A,stationary-serve,64,64
randomized-scale-01,3999977,wide,B,rally-air-feed,192,67
randomized-scale-01,3999977,wide,B,rally-bounce-feed,192,85
randomized-scale-01,3999977,wide,B,receive-feed,64,58
randomized-scale-01,3999977,wide,B,stationary-serve,64,64
randomized-scale-01,4999993,wide,A,rally-air-feed,192,70
randomized-scale-01,4999993,wide,A,rally-bounce-feed,192,83
randomized-scale-01,4999993,wide,A,receive-feed,64,64
randomized-scale-01,4999993,wide,A,stationary-serve,64,64
randomized-scale-01,4999993,wide,B,rally-air-feed,192,69
randomized-scale-01,4999993,wide,B,rally-bounce-feed,192,88
randomized-scale-01,4999993,wide,B,receive-feed,64,63
randomized-scale-01,4999993,wide,B,stationary-serve,64,64
randomized-scale-01,5999975,wide,A,rally-air-feed,192,71
randomized-scale-01,5999975,wide,A,rally-bounce-feed,192,87
randomized-scale-01,5999975,wide,A,receive-feed,64,58
randomized-scale-01,5999975,wide,A,stationary-serve,64,64
randomized-scale-01,5999975,wide,B,rally-air-feed,192,73
randomized-scale-01,5999975,wide,B,rally-bounce-feed,192,83
randomized-scale-01,5999975,wide,B,receive-feed,64,58
randomized-scale-01,5999975,wide,B,stationary-serve,64,64
randomized-scale-01,6999960,wide,A,rally-air-feed,192,77
randomized-scale-01,6999960,wide,A,rally-bounce-feed,192,93
randomized-scale-01,6999960,wide,A,receive-feed,64,61
randomized-scale-01,6999960,wide,A,stationary-serve,64,64
randomized-scale-01,6999960,wide,B,rally-air-feed,192,81
randomized-scale-01,6999960,wide,B,rally-bounce-feed,192,87
randomized-scale-01,6999960,wide,B,receive-feed,64,60
randomized-scale-01,6999960,wide,B,stationary-serve,64,64
randomized-scale-01,7999988,wide,A,rally-air-feed,192,79
randomized-scale-01,7999988,wide,A,rally-bounce-feed,192,91
randomized-scale-01,7999988,wide,A,receive-feed,64,64
randomized-scale-01,7999988,wide,A,stationary-serve,64,32
randomized-scale-01,7999988,wide,B,rally-air-feed,192,79
randomized-scale-01,7999988,wide,B,rally-bounce-feed,192,91
randomized-scale-01,7999988,wide,B,receive-feed,64,64
randomized-scale-01,7999988,wide,B,stationary-serve,64,32
randomized-scale-24m,9999994,narrow,A,rally-air-feed,112,112
randomized-scale-24m,9999994,narrow,A,rally-bounce-feed,112,112
randomized-scale-24m,9999994,narrow,A,receive-feed,16,16
randomized-scale-24m,9999994,narrow,A,stationary-serve,16,16
randomized-scale-24m,9999994,narrow,B,rally-air-feed,112,111
randomized-scale-24m,9999994,narrow,B,rally-bounce-feed,112,111
randomized-scale-24m,9999994,narrow,B,receive-feed,16,16
randomized-scale-24m,9999994,narrow,B,stationary-serve,16,16
randomized-scale-24m,9999994,narrow,random,rally-air-feed,112,112
randomized-scale-24m,9999994,narrow,random,rally-bounce-feed,112,112
randomized-scale-24m,9999994,narrow,random,receive-feed,16,16
randomized-scale-24m,9999994,narrow,random,stationary-serve,16,16
randomized-scale-24m,11999979,narrow,A,rally-air-feed,112,110
randomized-scale-24m,11999979,narrow,A,rally-bounce-feed,112,109
randomized-scale-24m,11999979,narrow,A,receive-feed,16,16
randomized-scale-24m,11999979,narrow,A,stationary-serve,16,16
randomized-scale-24m,11999979,narrow,B,rally-air-feed,112,110
randomized-scale-24m,11999979,narrow,B,rally-bounce-feed,112,111
randomized-scale-24m,11999979,narrow,B,receive-feed,16,16
randomized-scale-24m,11999979,narrow,B,stationary-serve,16,16
randomized-scale-24m,11999979,narrow,random,rally-air-feed,112,111
randomized-scale-24m,11999979,narrow,random,rally-bounce-feed,112,112
randomized-scale-24m,11999979,narrow,random,receive-feed,16,16
randomized-scale-24m,11999979,narrow,random,stationary-serve,16,16
randomized-scale-24m,13999986,narrow,A,rally-air-feed,112,111
randomized-scale-24m,13999986,narrow,A,rally-bounce-feed,112,112
randomized-scale-24m,13999986,narrow,A,receive-feed,16,16
randomized-scale-24m,13999986,narrow,A,stationary-serve,16,16
randomized-scale-24m,13999986,narrow,B,rally-air-feed,112,111
randomized-scale-24m,13999986,narrow,B,rally-bounce-feed,112,112
randomized-scale-24m,13999986,narrow,B,receive-feed,16,16
randomized-scale-24m,13999986,narrow,B,stationary-serve,16,16
randomized-scale-24m,13999986,narrow,random,rally-air-feed,112,111
randomized-scale-24m,13999986,narrow,random,rally-bounce-feed,112,112
randomized-scale-24m,13999986,narrow,random,receive-feed,16,16
randomized-scale-24m,13999986,narrow,random,stationary-serve,16,16
randomized-scale-24m,15999968,narrow,A,rally-air-feed,112,112
randomized-scale-24m,15999968,narrow,A,rally-bounce-feed,112,112
randomized-scale-24m,15999968,narrow,A,receive-feed,16,16
randomized-scale-24m,15999968,narrow,A,stationary-serve,16,16
randomized-scale-24m,15999968,narrow,B,rally-air-feed,112,112
randomized-scale-24m,15999968,narrow,B,rally-bounce-feed,112,112
randomized-scale-24m,15999968,narrow,B,receive-feed,16,16
randomized-scale-24m,15999968,narrow,B,stationary-serve,16,16
randomized-scale-24m,15999968,narrow,random,rally-air-feed,112,112
randomized-scale-24m,15999968,narrow,random,rally-bounce-feed,112,112
randomized-scale-24m,15999968,narrow,random,receive-feed,16,16
randomized-scale-24m,15999968,narrow,random,stationary-serve,16,16
randomized-scale-24m,17999991,narrow,A,rally-air-feed,112,111
randomized-scale-24m,17999991,narrow,A,rally-bounce-feed,112,112
randomized-scale-24m,17999991,narrow,A,receive-feed,16,16
randomized-scale-24m,17999991,narrow,A,stationary-serve,16,16
randomized-scale-24m,17999991,narrow,B,rally-air-feed,112,111
randomized-scale-24m,17999991,narrow,B,rally-bounce-feed,112,112
randomized-scale-24m,17999991,narrow,B,receive-feed,16,16
randomized-scale-24m,17999991,narrow,B,stationary-serve,16,16
randomized-scale-24m,17999991,narrow,random,rally-air-feed,112,111
randomized-scale-24m,17999991,narrow,random,rally-bounce-feed,112,112
randomized-scale-24m,17999991,narrow,random,receive-feed,16,16
randomized-scale-24m,17999991,narrow,random,stationary-serve,16,16
randomized-scale-24m,19999994,narrow,A,rally-air-feed,112,111
randomized-scale-24m,19999994,narrow,A,rally-bounce-feed,112,112
randomized-scale-24m,19999994,narrow,A,receive-feed,16,16
randomized-scale-24m,19999994,narrow,A,stationary-serve,16,16
randomized-scale-24m,19999994,narrow,B,rally-air-feed,112,111
randomized-scale-24m,19999994,narrow,B,rally-bounce-feed,112,112
randomized-scale-24m,19999994,narrow,B,receive-feed,16,16
randomized-scale-24m,19999994,narrow,B,stationary-serve,16,16
randomized-scale-24m,19999994,narrow,random,rally-air-feed,112,111
randomized-scale-24m,19999994,narrow,random,rally-bounce-feed,112,112
randomized-scale-24m,19999994,narrow,random,receive-feed,16,16
randomized-scale-24m,19999994,narrow,random,stationary-serve,16,16
randomized-scale-24m,21999966,narrow,A,rally-air-feed,112,112
randomized-scale-24m,21999966,narrow,A,rally-bounce-feed,112,112
randomized-scale-24m,21999966,narrow,A,receive-feed,16,16
randomized-scale-24m,21999966,narrow,A,stationary-serve,16,16
randomized-scale-24m,21999966,narrow,B,rally-air-feed,112,112
randomized-scale-24m,21999966,narrow,B,rally-bounce-feed,112,112
randomized-scale-24m,21999966,narrow,B,receive-feed,16,15
randomized-scale-24m,21999966,narrow,B,stationary-serve,16,16
randomized-scale-24m,21999966,narrow,random,rally-air-feed,112,110
randomized-scale-24m,21999966,narrow,random,rally-bounce-feed,112,112
randomized-scale-24m,21999966,narrow,random,receive-feed,16,16
randomized-scale-24m,21999966,narrow,random,stationary-serve,16,16
randomized-scale-24m,23999987,narrow,A,rally-air-feed,112,112
randomized-scale-24m,23999987,narrow,A,rally-bounce-feed,112,112
randomized-scale-24m,23999987,narrow,A,receive-feed,16,16
randomized-scale-24m,23999987,narrow,A,stationary-serve,16,16
randomized-scale-24m,23999987,narrow,B,rally-air-feed,112,112
randomized-scale-24m,23999987,narrow,B,rally-bounce-feed,112,111
randomized-scale-24m,23999987,narrow,B,receive-feed,16,16
randomized-scale-24m,23999987,narrow,B,stationary-serve,16,16
randomized-scale-24m,23999987,narrow,random,rally-air-feed,112,112
randomized-scale-24m,23999987,narrow,random,rally-bounce-feed,112,112
randomized-scale-24m,23999987,narrow,random,receive-feed,16,16
randomized-scale-24m,23999987,narrow,random,stationary-serve,16,16
randomized-scale-24m,9999994,randomized,A,rally-air-feed,224,106
randomized-scale-24m,9999994,randomized,A,rally-bounce-feed,224,167
randomized-scale-24m,9999994,randomized,A,receive-feed,32,30
randomized-scale-24m,9999994,randomized,A,stationary-serve,32,32
randomized-scale-24m,9999994,randomized,B,rally-air-feed,224,104
randomized-scale-24m,9999994,randomized,B,rally-bounce-feed,224,167
randomized-scale-24m,9999994,randomized,B,receive-feed,32,29
randomized-scale-24m,9999994,randomized,B,stationary-serve,32,32
randomized-scale-24m,11999979,randomized,A,rally-air-feed,224,127
randomized-scale-24m,11999979,randomized,A,rally-bounce-feed,224,176
randomized-scale-24m,11999979,randomized,A,receive-feed,32,32
randomized-scale-24m,11999979,randomized,A,stationary-serve,32,32
randomized-scale-24m,11999979,randomized,B,rally-air-feed,224,126
randomized-scale-24m,11999979,randomized,B,rally-bounce-feed,224,178
randomized-scale-24m,11999979,randomized,B,receive-feed,32,32
randomized-scale-24m,11999979,randomized,B,stationary-serve,32,32
randomized-scale-24m,13999986,randomized,A,rally-air-feed,224,125
randomized-scale-24m,13999986,randomized,A,rally-bounce-feed,224,188
randomized-scale-24m,13999986,randomized,A,receive-feed,32,32
randomized-scale-24m,13999986,randomized,A,stationary-serve,32,32
randomized-scale-24m,13999986,randomized,B,rally-air-feed,224,128
randomized-scale-24m,13999986,randomized,B,rally-bounce-feed,224,184
randomized-scale-24m,13999986,randomized,B,receive-feed,32,32
randomized-scale-24m,13999986,randomized,B,stationary-serve,32,32
randomized-scale-24m,15999968,randomized,A,rally-air-feed,224,133
randomized-scale-24m,15999968,randomized,A,rally-bounce-feed,224,197
randomized-scale-24m,15999968,randomized,A,receive-feed,32,32
randomized-scale-24m,15999968,randomized,A,stationary-serve,32,32
randomized-scale-24m,15999968,randomized,B,rally-air-feed,224,135
randomized-scale-24m,15999968,randomized,B,rally-bounce-feed,224,195
randomized-scale-24m,15999968,randomized,B,receive-feed,32,32
randomized-scale-24m,15999968,randomized,B,stationary-serve,32,32
randomized-scale-24m,17999991,randomized,A,rally-air-feed,224,137
randomized-scale-24m,17999991,randomized,A,rally-bounce-feed,224,195
randomized-scale-24m,17999991,randomized,A,receive-feed,32,32
randomized-scale-24m,17999991,randomized,A,stationary-serve,32,32
randomized-scale-24m,17999991,randomized,B,rally-air-feed,224,138
randomized-scale-24m,17999991,randomized,B,rally-bounce-feed,224,194
randomized-scale-24m,17999991,randomized,B,receive-feed,32,32
randomized-scale-24m,17999991,randomized,B,stationary-serve,32,32
randomized-scale-24m,19999994,randomized,A,rally-air-feed,224,144
randomized-scale-24m,19999994,randomized,A,rally-bounce-feed,224,197
randomized-scale-24m,19999994,randomized,A,receive-feed,32,32
randomized-scale-24m,19999994,randomized,A,stationary-serve,32,32
randomized-scale-24m,19999994,randomized,B,rally-air-feed,224,138
randomized-scale-24m,19999994,randomized,B,rally-bounce-feed,224,201
randomized-scale-24m,19999994,randomized,B,receive-feed,32,32
randomized-scale-24m,19999994,randomized,B,stationary-serve,32,32
randomized-scale-24m,21999966,randomized,A,rally-air-feed,224,147
randomized-scale-24m,21999966,randomized,A,rally-bounce-feed,224,200
randomized-scale-24m,21999966,randomized,A,receive-feed,32,32
randomized-scale-24m,21999966,randomized,A,stationary-serve,32,32
randomized-scale-24m,21999966,randomized,B,rally-air-feed,224,148
randomized-scale-24m,21999966,randomized,B,rally-bounce-feed,224,199
randomized-scale-24m,21999966,randomized,B,receive-feed,32,32
randomized-scale-24m,21999966,randomized,B,stationary-serve,32,32
randomized-scale-24m,23999987,randomized,A,rally-air-feed,224,154
randomized-scale-24m,23999987,randomized,A,rally-bounce-feed,224,198
randomized-scale-24m,23999987,randomized,A,receive-feed,32,32
randomized-scale-24m,23999987,randomized,A,stationary-serve,32,32
randomized-scale-24m,23999987,randomized,B,rally-air-feed,224,154
randomized-scale-24m,23999987,randomized,B,rally-bounce-feed,224,202
randomized-scale-24m,23999987,randomized,B,receive-feed,32,32
randomized-scale-24m,23999987,randomized,B,stationary-serve,32,32
randomized-scale-24m,9999994,wide,A,rally-air-feed,192,94
randomized-scale-24m,9999994,wide,A,rally-bounce-feed,192,124
randomized-scale-24m,9999994,wide,A,receive-feed,64,64
randomized-scale-24m,9999994,wide,A,stationary-serve,64,64
randomized-scale-24m,9999994,wide,B,rally-air-feed,192,99
randomized-scale-24m,9999994,wide,B,rally-bounce-feed,192,126
randomized-scale-24m,9999994,wide,B,receive-feed,64,64
randomized-scale-24m,9999994,wide,B,stationary-serve,64,64
randomized-scale-24m,11999979,wide,A,rally-air-feed,192,96
randomized-scale-24m,11999979,wide,A,rally-bounce-feed,192,131
randomized-scale-24m,11999979,wide,A,receive-feed,64,64
randomized-scale-24m,11999979,wide,A,stationary-serve,64,64
randomized-scale-24m,11999979,wide,B,rally-air-feed,192,96
randomized-scale-24m,11999979,wide,B,rally-bounce-feed,192,128
randomized-scale-24m,11999979,wide,B,receive-feed,64,64
randomized-scale-24m,11999979,wide,B,stationary-serve,64,64
randomized-scale-24m,13999986,wide,A,rally-air-feed,192,98
randomized-scale-24m,13999986,wide,A,rally-bounce-feed,192,139
randomized-scale-24m,13999986,wide,A,receive-feed,64,64
randomized-scale-24m,13999986,wide,A,stationary-serve,64,64
randomized-scale-24m,13999986,wide,B,rally-air-feed,192,99
randomized-scale-24m,13999986,wide,B,rally-bounce-feed,192,139
randomized-scale-24m,13999986,wide,B,receive-feed,64,64
randomized-scale-24m,13999986,wide,B,stationary-serve,64,64
randomized-scale-24m,15999968,wide,A,rally-air-feed,192,102
randomized-scale-24m,15999968,wide,A,rally-bounce-feed,192,146
randomized-scale-24m,15999968,wide,A,receive-feed,64,64
randomized-scale-24m,15999968,wide,A,stationary-serve,64,64
randomized-scale-24m,15999968,wide,B,rally-air-feed,192,98
randomized-scale-24m,15999968,wide,B,rally-bounce-feed,192,151
randomized-scale-24m,15999968,wide,B,receive-feed,64,64
randomized-scale-24m,15999968,wide,B,stationary-serve,64,64
randomized-scale-24m,17999991,wide,A,rally-air-feed,192,96
randomized-scale-24m,17999991,wide,A,rally-bounce-feed,192,149
randomized-scale-24m,17999991,wide,A,receive-feed,64,64
randomized-scale-24m,17999991,wide,A,stationary-serve,64,64
randomized-scale-24m,17999991,wide,B,rally-air-feed,192,95
randomized-scale-24m,17999991,wide,B,rally-bounce-feed,192,151
randomized-scale-24m,17999991,wide,B,receive-feed,64,64
randomized-scale-24m,17999991,wide,B,stationary-serve,64,64
randomized-scale-24m,19999994,wide,A,rally-air-feed,192,102
randomized-scale-24m,19999994,wide,A,rally-bounce-feed,192,158
randomized-scale-24m,19999994,wide,A,receive-feed,64,64
randomized-scale-24m,19999994,wide,A,stationary-serve,64,64
randomized-scale-24m,19999994,wide,B,rally-air-feed,192,102
randomized-scale-24m,19999994,wide,B,rally-bounce-feed,192,158
randomized-scale-24m,19999994,wide,B,receive-feed,64,64
randomized-scale-24m,19999994,wide,B,stationary-serve,64,64
randomized-scale-24m,21999966,wide,A,rally-air-feed,192,95
randomized-scale-24m,21999966,wide,A,rally-bounce-feed,192,151
randomized-scale-24m,21999966,wide,A,receive-feed,64,64
randomized-scale-24m,21999966,wide,A,stationary-serve,64,64
randomized-scale-24m,21999966,wide,B,rally-air-feed,192,94
randomized-scale-24m,21999966,wide,B,rally-bounce-feed,192,154
randomized-scale-24m,21999966,wide,B,receive-feed,64,63
randomized-scale-24m,21999966,wide,B,stationary-serve,64,64
randomized-scale-24m,23999987,wide,A,rally-air-feed,192,101
randomized-scale-24m,23999987,wide,A,rally-bounce-feed,192,159
randomized-scale-24m,23999987,wide,A,receive-feed,64,64
randomized-scale-24m,23999987,wide,A,stationary-serve,64,64
randomized-scale-24m,23999987,wide,B,rally-air-feed,192,99
randomized-scale-24m,23999987,wide,B,rally-bounce-feed,192,156
randomized-scale-24m,23999987,wide,B,receive-feed,64,64
randomized-scale-24m,23999987,wide,B,stationary-serve,64,64
